,Pclass,TicketAlpha,Survived
0,1,LOW,0.0
1,1,PC,0.6367924528301887
2,1,WEP,0.3333333333333333
3,2,CSPS,0.4782608695652174
4,2,FCC,0.8
5,2,HIGH,1.0
6,2,LOW,0.0
7,2,SOC,0.16666666666666666
8,2,WC,0.3333333333333333
9,3,A,0.07142857142857142
10,3,CSPS,0.25245098039215685
11,3,CSTONO,0.43478260869565216
12,3,LOW,0.0
13,3,PP,0.6666666666666666
14,3,SOTONOQ,0.13333333333333333
15,3,WC,0.0
